Subject,Selections
1,"8,9,10"
2,"2,3,4,5,6,7,8,9,10"
3,"3,6,7,8,9,10"
4,"8,9,10"
5,"4,5,6,7,8"
6,"1,2,6,7"
7,"2,3,6"
8,"5,9"
9,"4,5,7,8,9,10"
10,"5,10"
11,"1,2,4,6,7,9"
12,"4,9"
13,"1,10"
14,"4,9"
15,"1,2,3,4,5,6"
16,"3,7"
17,"4,8"
18,"3,9"
19,"6,7,8,9,10"
20,"1,2,4,5,9,10"
21,3
22,"4,8"
23,"2,6,7,8"
24,"4,6,7,8,9,10"
25,"4,6,7,8,9,10"
26,"1,2,3,5,6,7,8,9,10"
27,"2,4,5,6,7,8,9,10"
28,"4,5,6,7,8,9,10"
29,"4,5,9,10"
30,"4,5,9,10"
31,"3,7"
32,"3,6,7,8,9,10"
33,"3,4,8,9"
34,"4,9"
35,"1,2,3,4,5,7"
36,"5,10"
37,"3,8,9,10"
38,"1,4,5,7,8"
39,"4,9"
40,"4,5,7,8,9,10"
41,"1,2,3,6,7,8"
42,"1,6"
43,"4,5,9,10"
44,"2,7"
45,"5,10"
46,"6,7,8,9,10"
47,"1,2,3,6,7,8,9,10"
48,"4,6,7,8"
49,"2,3,6,7,8,9"
50,"1,2,3,6,7,8"
51,"4,9"
52,"4,5,6,7,8,9,10"
53,"3,10"
54,"5,9,10"
55,"1,2,3,4,5,6,7,8,9,10"
56,"1,2,3,6,8"
57,"1,6,7,8"
58,"1,2,3,4,5,6,7,8,9,10"
59,"1,2,3,6"
60,"4,6,7,8"
61,"9,10"
62,"3,6,7,8"
63,"1,7"
64,"3,6,7,8,9,10"
65,"6,7,8,10"
66,"3,7,8,10"
67,"4,10"
68,"1,2,3,4,5,6,7,8,9,10"
69,"1,6,7"
70,"1,2,3,4,5,6,8,9,10"
71,"1,2,5,6,7"
72,"2,6,7,8,9,10"
73,"4,10"
74,"1,2,3,6,7"
75,"1,2,3,9,10"
76,"5,6,7,8"
77,"1,2,3,6,7,8"
78,"1,2,3,4,5,6,7,8,9,10"
79,"1,2,3,4,5,6,7,8,9,10"
80,"1,2,3,4,5,6,7,8,9,10"
81,"1,2,3,6,7,8,9,10"
82,"1,2,3,4,5,10"
83,9
84,"2,7"
85,"1,2,10"
86,"4,8"
87,"4,5,9,10"
88,"2,3,10"
89,"1,2,3"
90,"3,6,7,8,9,10"
91,"1,2,3,4,5,6,7,8"
92,"2,6,7,8,9,10"
93,"5,10"
94,"4,5,7,8,9,10"
95,"1,2,3,4,5,6,7"
96,"2,4,5,6,7,8,9,10"
97,"3,10"
98,"1,2,3,4,5,6,9,10"
99,"1,10"
100,"4,9"
101,"3,6,7,8,9,10"
102,"4,5,6,7,8,9,10"
103,"4,5,6,7,8,9,10"
104,"4,8"
105,"2,7"
106,"1,10"
107,"3,8"
108,"4,9"
109,"4,5,6,7,8,9,10"
110,"2,6"
111,"1,2,3,4,5,6,7,8,9,10"
112,"1,2,3,4,5,6,7,8,9,10"
113,"5,6,7,8,9,10"
114,"1,2,6,7"
115,"9,10"
116,"4,6"
117,"4,6,7,8,9,10"
118,"1,9,10"
119,"5,10"
120,"2,3"
121,"1,2,3,4,5,10"
122,"1,2,3,6,7,8"
123,"1,2,3,9,10"
124,"4,5,9,10"
125,"1,2,3,4,6,7,8,9"
126,"1,2,3,4,5,6,7,8,9,10"
127,"1,4,5,6,7,8,9,10"
128,"1,2,3,6,7,8,9,10"
129,"1,2,3,6,7,8,9,10"
130,"4,5,9,10"
131,"5,9,10"
132,"5,6,7,8,10"
133,"2,8"
134,"5,6"
135,"1,2,3,4,5,6,7,8,9,10"
136,"2,3,7,8"
137,"4,8"
138,"1,2,3,4,10"
139,"4,5,6,7,8,9,10"
140,"1,2,3,4,5,6,7,8,9,10"
141,"4,9"
142,"1,2,3,4,5,6,7,8,9,10"
143,"1,2,3,4,5,6,7,8,9,10"
144,"5,10"
145,"4,5,6,7,8"
146,"1,6,7,8,9,10"
147,"1,2,3,4,10"
148,"5,6,7,8,9,10"
149,"1,6"
150,"1,2,3,4,5,6,7,8,9,10"
151,"4,5,6,7,8,9,10"
152,"1,6"
153,"1,2,3,4,5,6,7,8,9,10"
154,"1,6"
155,"4,8"
156,"1,3,6"
157,"4,10"
158,"5,8,9,10"
159,"1,8"
160,"1,2,3,6"
161,"1,2,3,4,5,6,7,8,9,10"
162,"3,6,7,8"
163,"1,6"
164,"4,5,10"
165,"4,5,6,7,8,9,10"
166,"6,7,8,9,10"
167,"4,5,6,7,8"
168,"1,6"
169,"1,2,3,5,9"
170,"4,9"
171,"3,6,7,8"
172,"1,2,3,4,10"
173,"1,2,3,6,7,8,10"
174,"5,10"
175,"4,6,7,8,9,10"
176,"2,3,7,8,9,10"
177,"1,6"
178,"3,6,7,8,9,10"
179,"3,7"
180,"4,5,6,7,8"
181,"6,7,8,9,10"
182,"1,2,3,7,8,9"
183,"4,6,7,8,9,10"
184,"6,7,8,10"
185,"4,8"
186,"2,7"
187,"1,2,3,6,7,8"
188,"1,2,3,6,7,8"
189,4
190,"3,6,7,8,9,10"
191,"5,6,7,8,9,10"
192,"1,2,3,4,5,6,7,8,9,10"
193,"1,2,3,6,7,8"
194,"4,5,9,10"
195,"5,9"
196,"1,7"
197,"1,2,3,4,5,6,7,8,9,10"
198,"3,9"
199,"4,5,9,10"
200,"1,2,3,4,6,7,8,9"
201,"1,2,3,4,5,6,7,8,9,10"
202,"6,7,10"
203,"1,2,3,4,5,6,7,8,9,10"
204,"4,6"
205,"1,2,3,4,5,6,7,8,9,10"
206,"6,8,9,10"
207,"1,6,7"
208,"3,6,7,8,9,10"
209,"4,5,6,8"
210,"1,2,3,6,7,8"
211,"2,7,8"
212,"4,5,6,7,8,9,10"
213,"4,5,6,7,8,9,10"
214,"4,5,6,7,8,9,10"
215,"2,7"
216,"1,7"
217,"4,5,6,7,8,9,10"
218,"3,8,9,10"
219,"4,5,6,7,8"
220,"4,6,7,8,9,10"
221,"1,2,3,10"
222,"4,9"
223,"2,3,4,5,6,7,8,9,10"
224,"1,3,7,9,10"
225,"1,2,3,6,7,8,9"
226,"1,2,3,6,7,8,9,10"
227,"1,2,3,4,5,6,7,8,9,10"
228,"1,2,3,4,5,10"
229,"1,2,3,4,5,6,7,8,9,10"
230,"3,4,5,6,8,9,10"
231,"1,6"
232,"1,2,3,4,5,9"
233,"3,8"
234,"3,6,7,10"
235,"4,6,7,8,9,10"
236,"1,6"
237,"1,2,3,4,5"
238,"5,10"
239,"4,5,8,9,10"
240,"4,5,6,7,8"
241,"6,7,8,9,10"
242,"1,2,6"
243,"1,2,3,4,5,6,7,8,9,10"
244,"1,2,3,4,5,6,7,8,9,10"
245,"3,10"
246,"4,5,6,7,8,9,10"
247,"1,2,3,4,5,6,7,8,9,10"
248,"4,6,7,8,9,10"
249,"1,2,3,9,10"
250,"1,2,3,8"
251,"1,2,6,7"
252,"1,2,3,4,5,6,7,8,9,10"
253,"3,9"
254,"6,7,8,9,10"
255,"5,6,7,8,9,10"
256,"1,2,3,6,7,8"
257,"5,9"
258,"4,5,9,10"
259,"4,5,6,8,9"
260,"1,6"
261,"4,6,7,8,9,10"
262,"4,5,6,7,8,9,10"
263,"1,6"
264,"3,4,5,9"
265,"6,7,8,9,10"
266,"1,2,3,10"
267,"8,9"
268,"1,3,6,7,8,9,10"
269,"4,6,7,8"
270,"1,3,4,5,6,7,8,9,10"
271,"6,7,8,9,10"
272,"4,5,8,9,10"
273,"6,7,8"
274,"1,2,3,6,7,8"
275,"2,3,4,5,6,7,8,9,10"
276,"4,5,9,10"
277,"1,2,3,4,5,6,7,8,9,10"
278,"3,6,7,8"
279,"5,6,7,8,9,10"
280,"4,5,6,7,8,9,10"
281,"4,8"
282,"1,2,7,8"
283,"4,8"
284,"1,6"
285,"4,9,10"
286,"5,10"
287,"1,2,3,4,10"
288,"1,2,3,6,7,8,9"
289,"3,9"
290,"4,9"
291,"3,8"
292,"2,3,4,6,7,10"
293,"1,2,3,6,7,8,9,10"
294,"1,2,3,4,5,6,7,8,9,10"
295,"3,8"
296,"3,4,5,6,7,8,9,10"
297,"1,8"
298,"1,2,3,4,5,9,10"
299,"3,8,9,10"
300,"1,2,3,4,5,6,7,8,9,10"
301,"1,6"
302,"4,5,9,10"
303,"1,3,5,7,9,10"
304,"3,6,7,8,9,10"
305,"1,2,3,4,5,6,7,8,9,10"
306,"1,6"
307,"6,7,8,9,10"
308,"6,7,8,9,10"
309,"1,2,3,4,6,7,8,9"
310,"4,5,6,7,8,9,10"
311,"1,2,3,4,5,6,7,8,9,10"
312,"1,2,3,4,5,6,7,8,9,10"
313,"7,8,9,10"
314,"1,2,3,4,5,6,7,8,9,10"
315,"1,3,4,7,10"
316,"4,8"
317,"3,4,9"
318,"2,3,6,7,8"
319,"1,6,7,8"
320,"4,9,10"
321,"4,5,9,10"
322,"2,3,7,8"
323,"1,2,3,6,7,8,9,10"
324,"1,2,3,6,7"
325,"1,2,3,6,7"
326,"1,2,5,6,8,9,10"
327,"7,8,9,10"
328,"6,7,8,9,10"
329,"1,2,3,4,5,6,7,8,9,10"
330,"9,10"
331,"1,2,3,4,5,6,7,8,9,10"
332,"1,2,3,4,5,6,7,8,9,10"
333,"1,2,3,6,7,8"
334,"5,9"
335,"3,8"
336,"1,2,3,6,7,8,9,10"
337,"4,5,8,9,10"
338,"3,6,7,9,10"
339,"4,10"
340,"4,5,8,9,10"
341,"1,2,3,4,5,6,7"
342,"1,2,3,8,9,10"
343,"1,2,3,9,10"
344,"1,2,3,4,5,7,8,9,10"
345,"4,5,9,10"
346,"1,2,3,4,6,7,8,9,10"
347,"4,9"
348,"1,2,3,4,5,6,7,8,9,10"
349,"1,2,3,5"
350,"4,10"
351,"3,8"
352,"1,2,3,4,5,10"
353,"2,3,6"
354,"4,5,6,7,8"
355,"2,4,5,6,7,8,9,10"
356,"1,4,5,7,8"
357,"1,2,6,7,8,9,10"
358,"1,2,3,4,5,6,7,8,9,10"
359,"4,6,7,8,9,10"
360,"2,6,8,9,10"
361,"4,6,7,8"
362,"1,6"
363,"4,5,6,7,8,9,10"
364,"1,2,3,4,5,6,7,8"
365,"2,3,6"
366,"4,5,6,7,9,10"
367,"1,2,3,10"
368,"1,2,3,4,5,6,7,8,9,10"
369,"4,5,6,7,8,10"
370,"5,8"
371,"2,3,4,5,6"
372,"3,4,6,7"
373,"4,5,8,9,10"
374,"3,4,7,8,9,10"
375,"1,2,3,4,5"
376,"1,6,7,8,9,10"
377,"2,4,5,6,7,8,9,10"
378,"4,8"
379,"5,6,7,8,9"
380,"4,8,10"
381,"1,2,3,4,5,6,7,8,9,10"
382,"4,8"
383,"4,5,6,7,8,9,10"
384,"1,2,3,6,7,8,9,10"
385,"2,3,5,7,8"
386,"2,7"
387,"1,6,7,8,9,10"
388,"4,5,6,7,8,9,10"
389,"2,6"
390,"6,7,8,9,10"
391,"4,5,6,7,8,9,10"
392,"1,2,4,5,6,7,8"
393,"1,2,3,4,5,8"
394,"1,2,3,4,5,6,7,8,9,10"
395,"5,9"
396,"6,7,8,9,10"
397,8
398,"2,3,7,8"
399,"1,2,3,4,5,6,7,8,9,10"
400,"1,6,7,8"
401,"4,5,8,10"
402,"3,4,5,6,7,8,9,10"
403,"1,2,3,6,7,8"
404,"1,3"
405,"1,2,3,10"
406,"2,7"
407,"3,4,5,8,9,10"
408,"7,8"
409,"1,2,3,7,8,9,10"
410,"1,2,3,4,5,6,7,8,9,10"
411,"4,5,6,7,8"
412,"4,9,10"
413,"1,2,3,4,5,6,7,8"
414,"3,6"
415,"1,2,3,6,7,8,9,10"
416,"2,8"
417,"1,2,3,6,7,8,9"
418,"1,2,3,6,10"
419,"1,2,3"
420,"5,10"
421,"3,6,7,8,9,10"
422,1
423,"4,5,7,8,9,10"
424,"2,7"
425,"4,5,6,7,8"
426,"4,5,8,9,10"
427,"4,6,7,8,9,10"
428,"3,8,9,10"
429,"1,2,3,4,5,6,7,8,9,10"
430,"2,3,6,7,8"
431,"4,5,6,7,8,9,10"
432,"1,2,3,4,5,6,7,8,9,10"
433,"1,2,3,4,5,7,8,9,10"
434,"1,2,3,4,5,6,7,8,9,10"
435,10
436,"4,9"
437,"2,3,4,5,8,9,10"
438,"1,2,3,8,10"
439,"1,2,3,6"
440,"9,10"
441,"4,6"
442,"1,2,3,4,5,6,7,8,9,10"
443,"3,4,5,10"
444,"3,6,7,8,10"
445,"1,2,3,9,10"
446,"1,2,3,4,6,7,8,9,10"
447,"5,10"
448,"4,5,6,7,9,10"
449,"4,6"
450,"4,5,8,9,10"
451,"1,6"
452,"1,2,3,4,5,6,7,8,9,10"
453,6
454,"1,2,3,4,5,6,7,8,9,10"
455,"4,6,7"
456,"1,2,3,4,5"
457,"1,2,3,6,7,8"
458,"1,2,3,6,7"
459,"1,6"
460,"4,9"
461,"4,5,9,10"
462,"1,2,3,4,5,6,7,8,9,10"
463,"4,5,6,7,8,9,10"
464,"5,7,8"
465,"4,6,7,8,9,10"
466,"1,2,3,4,5,6,7,8,9,10"
467,"1,9,10"
468,"1,2,3,4,5,6,7,8,9,10"
469,"1,2,3,9"
470,"4,5,6,7,8,9,10"
471,"1,2,3,4,5,6,7,8,9,10"
472,"1,2,3,9,10"
473,"4,5,8,9,10"
474,"5,6,7,8,9"
475,"1,2,3,6,7,8"
476,"2,6"
477,"6,7,8,9,10"
478,"1,2,3,6,7,8,10"
479,"6,9"
480,"1,2,3,4,5,6,7,8,9,10"
481,"1,2,3,6,7,8,10"
482,"1,2,4,5,6,7,8,9,10"
483,"1,2,3,4,6,7,8,9"
484,"1,2,6"
485,"2,3,4,5,6,7,9"
486,"6,7,8,9,10"
487,"2,3,4,5,7,8"
488,"4,5,6,7,8,9,10"
489,"4,5,8,9,10"
490,"1,2,3,4,5,6,8,9,10"
491,"6,7,8,9,10"
492,"1,2,3,4,5,6,7,8,9,10"
493,"1,2,3,6,7,8"
494,"5,6,7,8,9,10"
495,"1,2,3,9"
496,"1,6,7,8,9,10"
497,"1,2,3,4,5,6,7,8,9,10"
498,"5,7,9,10"
499,"1,2,3,6,7,8"
500,"1,2,3,5,6,7,9,10"
501,"1,2,3"
502,"5,9"
503,"4,5,7,8"
504,"4,5,6,7,8"
505,"1,2,3,4,5,6,7,8,9,10"
506,"3,6,7,9,10"
507,"1,2,3,4,5,6,7,8,9,10"
508,"1,2,3,6,7,8,9,10"
509,"1,2,3,10"
510,"1,2,3,4,5,6,7,8,9,10"
511,"1,2,3,4,5,6,7,8,9,10"
512,"1,2,3,10"
513,"2,7"
514,"4,9"
515,"1,2,3,4,5,6,7,8,9,10"
516,"1,2,3,4,5,6,8,9,10"
517,"1,2,3,9,10"
518,"4,5,7"
519,"4,5,9,10"
520,"1,2,3,4,5,6,7,8,9,10"
521,"1,2,3,6,7,8"
522,"1,2,3,4,5,6,7,8,9,10"
523,"1,2,3,4,5,6,7,8,9,10"
524,"1,2,3,4,5,6,7,8,9,10"
525,"4,5,6,7,8,9,10"
526,"1,2,3,6,7,8"
527,"1,2,3,4,5,6,7,8,9,10"
528,"1,2,3,6,7,8,10"
529,"1,6"
530,"1,2,3,8,9,10"
531,"1,2,3,6,7,8,9,10"
532,"1,2,3,4,5,6"
533,"1,8"
534,"1,2,3,9,10"
535,"1,2,3,4,5,6,7,8,9,10"
536,"4,6,7,8,9,10"
537,"1,6"
538,"1,2,3,9,10"
539,"1,2,3"
540,"6,7,8,9,10"
541,"4,5,6,7,10"
542,"4,5,6,7,8,9,10"
543,"4,5,6,7,8,9,10"
544,"2,3,4,5,6,7,8,9,10"
545,"1,6"
546,"1,6,7"
547,"1,6"
548,"3,4,5,6,7,8,9,10"
549,"3,4,5,6,7,8,9,10"
550,"1,2,3,6,7,8,9,10"
551,"2,3,6,7"
552,"5,6,7,8,9,10"
553,"5,10"
554,"1,6,7,8,10"
555,"1,2,3,9,10"
556,"3,4,5,8,9,10"
557,"1,2,3,4,5,6,7,8,9,10"
558,"3,6,7,8,9,10"
559,"1,2,3,4,5,6,7,8,9,10"
560,"1,2,3,4,6,7,8,9,10"
561,"2,6,7,8"
562,"3,4,5,8,9,10"
563,"3,9,10"
564,"1,2,3,4,5,6,7,8,9,10"
565,"2,3,5,6,7,8,10"
566,"5,6,7,8,9,10"
567,"1,2,6,7,9,10"
568,"5,10"
569,"1,6"
570,"1,6,7,8,9,10"
571,"1,2,3,4,5"
572,"2,6"
573,"4,6,8,9,10"
574,"4,5,6,8,9,10"
575,"6,7,8,9,10"
576,"4,9"
577,"1,10"
578,"6,7,8,9,10"
579,"3,8"
580,"3,5,7,9,10"
581,"1,2,3,6,7,8,9,10"
582,"1,2,3,6"
583,"3,4,5,6,7"
584,"3,7"
585,"3,4,6,7,8,9,10"
586,"2,3,4,5,7,8,9,10"
587,"2,6"
588,"2,8"
589,"1,2,3,4,5,9,10"
590,"1,2,7,8"
591,"4,9"
592,"4,5,6,7,8"
593,"4,6"
594,"4,5,6,7,9,10"
595,"6,7,8"
596,"1,6"
597,"1,2,3,4,5,10"
598,"1,2,3,4,5,6,7,8,9,10"
599,"6,7,8,9,10"
600,"1,2,3,4,5,7,8,9,10"
601,"1,2,3,4,5"
602,"1,2,3,4,5,6,7,8,9,10"
603,"5,8"
604,"5,6,7,8,9,10"
605,"4,5,6,7,8,9,10"
606,"5,7,8,9,10"
607,"1,2,3,4,5,6,7,8,10"
608,"1,2,3,4,5,6,7,8,9,10"
609,"5,10"
610,"1,2,3,4,5,6,7,8,9,10"
611,"4,8"
612,"1,2,3,4,5,6,7,8,9,10"
613,"1,2,3,6,7,8"
614,"4,5,6,7,8,9,10"
615,"1,2,3,6,7"
616,"1,6,7,8,9,10"
617,"1,2,3,4,5,7"
618,"5,6,7,8"
619,"4,6,7,8,9,10"
620,"2,3,7,8"
621,"1,3,9,10"
622,"1,2,3,4,5,8"
623,"6,7,8,9,10"
624,"2,10"
625,"6,7,8,9,10"
626,"4,5,6,7"
627,"1,2,3,6,7,8,9,10"
628,"3,6,7,8,9,10"
629,"5,7"
630,"1,6"
631,"1,2,3,4,5,6,7,8,9,10"
632,"1,2,3,7"
633,"5,6,10"
634,"4,5,6,7,8,9,10"
635,"1,2,3,10"
636,"3,9"
637,"1,6,9,10"
638,"1,2,3,4,5,6,7,8,9"
639,"1,2,4,5,8"
640,"3,7,8,10"
641,"5,9,10"
642,"1,2,7"
643,"3,9"
644,"1,2,3,4,5,6,7,8,9,10"
645,"2,6,7,8,9,10"
646,"2,6,7,8,9,10"
647,"4,5,6,7,8,9,10"
648,"1,6,7,8,9,10"
649,"2,6"
650,"1,2,3,9,10"
651,"4,7"
652,"3,6"
653,"2,6"
654,"2,3,6,7,8,9"
655,"5,8,9"
656,"2,3,7,8"
657,"4,6"
658,"1,6,7,8,9,10"
659,"4,10"
660,"2,6,7,8,9,10"
661,"1,2,3,4,5,6,7,8,9,10"
662,"4,6,7,8"
663,"1,2,3,6,7,10"
664,"1,2,3,6,7,8"
665,"1,7"
666,"1,3,4,5,6,7,8,10"
667,"1,2,3,4,5,6,7,8,9,10"
668,"4,6,7,8"
669,"4,5,6,7,8,9,10"
670,"2,3,4,5,6,7,8,9,10"
671,"4,6,7,8"
672,"4,5,6,7,8,9,10"
673,"4,6,7"
674,"1,4,5,6,7,8,9,10"
675,"4,5,6,7,8,9,10"
676,"6,7,8,9,10"
677,"1,2,3,6"
678,"2,4,5,6"
679,"1,6"
680,"1,2,3,4,5,6,7,8,9,10"
681,"2,3,4,6,7,8,9,10"
682,"2,3"
683,"1,2,5,6,7,10"
684,"5,6,7,8,9,10"
685,"4,5,6,7,8,9,10"
686,"1,2,3,4,5,7"
687,"2,3,4,5,7,8,9,10"
688,"3,6,7"
689,"4,10"
690,"3,4,5,6,7,8,9,10"
691,"1,2,3,4,5,6,7,8,9,10"
692,"1,2,3,4,5,6,7,8,9,10"
693,"1,2,3,6"
694,"1,2,3,6,7,8,9,10"
695,"1,2,3,4,5,6,7,8,9,10"
696,"4,5,8,9,10"
697,"4,5,6,7,8,9,10"
698,"3,6,7,9,10"
699,"5,10"
700,"1,10"
701,"2,3,7,8"
702,"2,7"
703,"1,2,3,4,5,6,7,8,9,10"
704,"6,7,8,9,10"
705,"4,5,9,10"
706,"1,2,3,4,5,6"
707,"3,6,7,8"
708,"5,6"
709,"1,2,3"
710,"4,9"
711,"1,2,3,7,8"
712,"1,2,3,6"
713,"5,6,7,8,9,10"
714,"1,2,3,4,5,6,7,8,9,10"
715,"2,9"
716,"3,4,5,6,7,8,9,10"
717,"4,5,6,7,8,9,10"
718,"1,2,3,4,5,6,7,8,10"
719,"1,6,7,8,9,10"
720,"4,5,6,7"
721,"2,3,7"
722,"1,6"
723,"4,5,6,7,8,9,10"
724,"1,2,3"
725,"3,8"
726,"4,5,9,10"
727,"1,2,3,6,7,8,9,10"
728,"1,2,3,4,5,10"
729,"1,2,3,4,5,6,7,8,9,10"
730,"2,6,7,8"
731,"1,2,3,4,5,6,7,8,9,10"
732,"1,2,6,7"
733,"1,6"
734,"1,2,3,4,5,6,7,8,9,10"
735,"1,2,8,9,10"
736,"1,2,3,7"
737,"1,2,3,9"
738,"1,3,6,7,8"
739,"1,2,3,6,7,10"
740,"1,2,3,4,5,8"
741,"1,3,4,5,6,8,9,10"
742,"1,6"
743,"1,2,3,4,5,6,7,8,9,10"
744,"6,7,8,9,10"
745,"5,6,7,8,9,10"
746,"1,2,3,4,5,6,7,8,9,10"
747,"6,7,8,9,10"
748,"9,10"
749,"2,6,7,8,9,10"
750,"1,2,3,6,7,8,9,10"
751,"1,3,6"
752,"1,2,5,6,9,10"
753,"5,6,7,8"
754,"5,10"
755,"2,6,7,8"
756,"1,2,3,6,7,8"
757,"1,2,3,4,10"
758,"4,6,7,8"
759,"4,9"
760,"1,2,3,6,7,8,9,10"
761,"4,6,7,8"
762,"1,2,3,4,6,7,8,9,10"
763,"4,7,8"
764,"1,6"
765,"1,3,4,6,7,9,10"
766,"3,6,7,9,10"
767,"1,2,3,4,5,6,7,8,9,10"
768,"4,5,8"
769,"3,6,7,8,9,10"
770,"1,2,3,6,7,8"
771,"4,5,9,10"
772,"1,2,3,4,6,7,8,9"
773,"1,2,3,6,7,8,9,10"
774,"4,5,6,7,8"
775,"6,7,8,9"
776,"4,5,9,10"
777,"1,2,3,5,6,7,8,9,10"
778,"1,2,3,4,5,6,7,8,9,10"
779,"7,8"
780,"1,2,3,6,7,8"
781,"2,6"
782,"1,2,3,6,7,8,10"
783,"1,2,3,4,5,6,7,8,9,10"
784,"1,2,3,4,5,6,7,8"
785,"4,5,6,7,8,9,10"
786,"1,6"
787,"1,2,3,4,5"
788,"1,2,3,6,7,8,10"
789,"1,2,3,4,5,7,8,10"
790,"1,2"
791,"3,6,7,8,9,10"
792,"4,6"
793,"2,6,7,8,9,10"
794,"4,5,6,7,8,9,10"
795,"1,2,3,6,7"
796,"4,5,9,10"
797,"2,3,7,9,10"
798,"1,2,3,4,6,7,8,9,10"
799,"1,3,6,7,8"
800,"1,2,3,4,5,6,7,8,9,10"
801,1
802,"4,5,9,10"
803,"1,6,7,8,9"
804,"5,10"
805,"1,4,7,8"
806,"4,8"
807,"4,5,6,7,8"
808,"1,2,3,4,5,6,7,8,9,10"
809,"3,6"
810,"1,6"
811,"1,2,4,5,6,8,9,10"
812,"4,5,6,7,9,10"
813,"4,9"
814,"1,2,3,4,5,6,7,8,9,10"
815,"1,2,3,7"
816,"1,2,3,4,5,6,7,8,9,10"
817,"4,6,7,8"
818,"4,5,8,9,10"
819,"3,6"
820,"1,4,5,6,7,8,9,10"
821,"4,9"
822,"5,7,8,9"
823,"5,10"
824,"3,8"
825,"5,10"
826,"1,2,3,7"
827,"1,6"
828,"1,2,3,4,5,6,7,8,9,10"
829,"1,2,3,4,5,6,7,8,9,10"
830,"1,6"
831,"3,6,7,8,9,10"
832,"1,3,6,8"
833,"3,6,7"
834,"5,6,7,8"
835,"4,9"
836,"1,2"
837,"4,5,9,10"
838,"1,7,8,9,10"
839,"1,2,3,4,5,6,7,8,9,10"
840,"5,10"
841,"1,4,5,9,10"
842,"1,2,3,4,5,6,7,8,9,10"
843,"1,2,3,6"
844,"1,6,7,8,9,10"
845,"5,9,10"
846,"1,2,3,4,5,8,9"
847,"1,6,7,8,9,10"
848,"4,5,9,10"
849,"3,9"
850,10
851,"4,5,8,9,10"
852,"3,4,9"
853,"3,4,5,6,8,9,10"
854,"3,4,6,7,8"
855,"4,5,9,10"
856,"1,2,3,4,5,6,7,8,9"
857,"1,2,3,4,5,6,7,8,9,10"
858,"1,2,6,10"
859,8
860,"5,6,7,8,9,10"
861,"1,6,7,8,9,10"
862,"4,8"
863,"4,5,6,7,8,9,10"
864,"1,3,4,5,6,8,9,10"
865,"4,5,8"
866,"1,2,3,4,5"
867,"1,2,3,4,5,6,7,8,9,10"
868,"1,2,3,4,5,6"
869,"4,8"
870,"2,3"
871,"4,5,6,7,8,9,10"
872,"4,9,10"
873,"1,2,3"
874,"5,6,8,9,10"
875,"5,6,7,8,9,10"
876,"6,7,8,9,10"
877,"3,7"
878,"1,2,3,4,5,6,7,8,9,10"
879,"1,2,3,4,5,6,7,8,9,10"
880,"4,6,7,8,9,10"
881,"4,8"
882,"4,6,7,8,9,10"
883,"5,6,7,8,9,10"
884,"1,2,3,6,7,8,10"
885,"4,6,7,10"
886,"4,5,8,9,10"
887,"1,3,6,7,8,9,10"
888,"1,2,3,6,7,8"
889,"1,6,7,8"
890,"1,2,3,6,7,8"
891,"5,6,7,8,9,10"
892,"1,2,6,7,8,9"
893,"1,2,3,6,7,8"
894,"1,2,3,4,6,7,8,9"
895,"3,8"
896,"1,6"
897,"5,9,10"
898,"1,2,3,4,5,6,7"
899,"1,2,3,6,7,8,10"
900,"3,4,8,9,10"
901,"2,7"
902,"6,7,8,9,10"
903,"5,10"
904,"4,5,6,7,8,9,10"
905,"1,2,3,5,7,9"
906,"5,7,8,9,10"
907,"1,2,3,4,5,6,7,8,9,10"
908,"1,2,3,4,5,6,7,8,9,10"
909,"4,5,6"
910,"5,6,7,8,9,10"
911,"4,6,7,8,9,10"
912,"1,6"
913,"1,2,3,4,5,6,7,8,9,10"
914,"1,2,3,4,5,6"
915,"3,4,5,7"
916,"1,2,3,6,7,8"
917,"3,4,9"
918,"1,2,3,4,5,6,7,8,9,10"
919,"1,2,3,7"
920,"2,7"
921,"4,5,6,7,8"
922,"1,2,3,4,5,6,7,8,9,10"
923,"1,2,3,9"
924,"3,6,7"
925,"1,2,3,4,5,6,7,8,9,10"
926,"3,8"
927,"1,2,3,5,6,7,8,10"
928,"3,6,7,8"
929,"1,2,3,4,5,9,10"
930,"4,5,6,7,8,9,10"
931,"4,5,9,10"
932,"1,3,5,8"
933,"1,2,3,4,5,8,9,10"
934,"1,2,3,4,5,6,7,8,9,10"
935,"6,7,8,9,10"
936,"3,4,5,6,7,8,9,10"
937,"1,6,7"
938,"3,4,5,6,7,8,9,10"
939,"1,2,4,5,7,8,10"
940,"1,2,3,4,5,6,7,8,9,10"
941,"2,8,9"
942,"1,6"
943,"1,6"
944,"4,7,9"
945,"1,2,3,4,5,6,7,10"
946,"1,10"
947,"2,6"
948,"2,6,7,8"
949,"4,5,8,9,10"
950,"4,5,10"
951,"1,2,3,4,5,6,7,8,9,10"
952,"3,6,7,8,9,10"
953,"2,3,4,5,6,7,8,9,10"
954,"1,7"
955,"1,2,3,4,5,6,7,8,9,10"
956,"4,9"
957,"5,10"
958,"4,5,6,7,8,9,10"
959,"1,2,3,9,10"
960,"1,2,6,7,8,9,10"
961,"1,2,3,4,10"
962,"1,2,3,4,5,10"
963,"1,3,5,6,8,9,10"
964,"1,6"
965,"2,6,7,8,9,10"
966,"1,2,3,4,5,6,7,8,9,10"
967,"4,6,7,8,9,10"
968,"4,5,6,7,8,9,10"
969,"1,2,3,4,5,6,8,9,10"
970,"1,2"
971,"2,7"
972,"4,5,6,7"
973,"6,7,8,9,10"
974,"1,2,3"
975,"4,5,6,7,8,10"
976,"5,7,9,10"
977,5
978,"1,2,3,4,5,6,7,8,9,10"
979,"2,3,6,7,8,9,10"
980,"1,2,6,7"
981,"1,2,3,4,5,6,7,8,9,10"
982,"1,4,5,6,9,10"
983,"1,6,7,8,9,10"
984,"4,6,7,8,9,10"
985,6
986,"1,2,3,4,5,6,7,9,10"
987,"2,6"
988,"1,2,3,4,6,7,8,10"
989,"1,2,3,9"
990,"4,5,6,7,8,9,10"
991,"6,7,8,9,10"
992,"4,5,6,8,9,10"
993,"1,2,3,4,5,6,7,8,9,10"
994,"1,2,3,4,6,7,8,9"
995,"6,7,8,9"
996,"5,6,7,8,9,10"
997,"2,6,7,8,9,10"
998,"1,2,3,9,10"
999,"2,3,7"
1000,"2,7,8"
1001,"1,2,3,4,5"
1002,"1,2,3,9,10"
1003,"1,3,5,6,8,10"
1004,"1,2,3,7,8"
1005,6
1006,"4,7"
1007,"1,2,3,4,6,7,8,9,10"
1008,"1,2,6"
1009,"1,6"
1010,"1,2,3,4,5,6,7,8,9,10"
1011,"2,9"
1012,"1,2,3,4,5,6,7,8,9,10"
1013,"1,2,3,4,5,6,7,8,9,10"
1014,"1,2,3,6,7,10"
1015,"5,10"
1016,"5,10"
1017,"1,2"
1018,"4,5,6,7,8,9,10"
1019,"4,5,6,7,8,9,10"
1020,"4,6,7,8,9,10"
1021,"1,2,3,4,5,6,7,9,10"
1022,"1,6"
1023,"4,9"
1024,"3,7"
1025,"1,2,3,4,5,6,7,8"
1026,"4,6,7,8,9,10"
1027,"1,2,3,9,10"
1028,"1,3,6,8,10"
1029,"1,2,3,4,5,6,7,8,9,10"
1030,"9,10"
1031,"1,2,3,6,7,8"
1032,"1,2,3,6"
1033,"4,5,7,8,9,10"
1034,"5,10"
1035,7
1036,"4,9"
1037,"4,9"
1038,"1,3,4,5,6,7,8,9,10"
1039,"4,5,6,7,8,9,10"
1040,"6,7,8,9,10"
1041,"4,5,10"
1042,"4,5,6,7,8,9,10"
1043,"1,2,3,9,10"
1044,"1,2,3,9,10"
1045,"1,2,7,8,9"
1046,"1,2,8,9,10"
1047,"4,5,6,7,8,9,10"
1048,"1,2,3,4,5,6,7,8,9,10"
1049,"3,6"
1050,"5,6,8,9,10"
1051,"1,2,3,4,5,6,8"
1052,"1,2,3,6,7,8"
1053,"4,5,6,7,8,9,10"
1054,"1,2,3,4,5,6,7,8,9,10"
1055,"1,9"
1056,"4,5,6,7"
1057,"1,2,3,6,7,8"
1058,"3,4,5,10"
1059,"1,2,3,4,10"
1060,"4,5,6,7,8"
1061,"4,5,6,7,8,9,10"
1062,"1,2,5,6"
1063,"4,7"
1064,"1,6,7"
1065,"1,2,3,4,5,6,7,8,10"
1066,"1,2,6,7"
1067,"2,10"
1068,"1,2,3,5,6,7,8,9,10"
1069,"4,5,6,7,8,9,10"
1070,"4,5,9,10"
1071,"7,8,9,10"
1072,"2,4,6,7,8,9,10"
1073,"3,6,7,8,9"
1074,"3,4,5,6,7,8,9,10"
1075,"1,2,3,4,5,6,7,8,9,10"
1076,"3,6,8"
1077,"1,2,7"
1078,"3,6,7"
1079,"4,5,9,10"
1080,"1,2,3,4,5,6,7,8,9,10"
1081,"1,2,4,5,6,7,9,10"
1082,"3,5,8,10"
1083,"1,2,3,4,5,6,7,8"
1084,"1,2,3,4,5,6,9"
1085,"1,2,3,4,5,6,7"
1086,"1,3"
1087,"1,2,3,6,7,8,10"
1088,"1,2,3,4,5,6,7,8,9,10"
1089,"4,5,6,7,8,9,10"
1090,"4,7,8,9,10"
1091,"2,6,7,8,9,10"
1092,"1,2,3"
1093,"1,2,3,4,5,6,7,8,9,10"
1094,"1,2,3,6,7"
1095,"5,9"
1096,"2,3,4,5,7"
1097,"1,2,3,4,7,8,9,10"
1098,"5,6,7,8,9,10"
1099,"1,6"
1100,"2,3,4,5,6,7,8,9,10"
1101,"9,10"
1102,"5,10"
1103,"3,8"
1104,"4,9"
1105,"1,2,3,6,7"
1106,"1,2,3,6,7,8,9,10"
1107,"1,2,3,4,5,6,7,8,9,10"
1108,"5,8,9,10"
1109,"5,7,8,9,10"
1110,"1,3,6,7,8,9"
1111,"5,6,7,8"
1112,"1,2,3,4,5,6,7,8,9,10"
1113,10
1114,"1,2,3,10"
1115,"1,6"
1116,"1,2,3,4,5,6,7,8,9,10"
1117,"2,3,6,7,8"
1118,"2,3,4,7,8,9,10"
1119,"1,2,3,4,5,6,7,8,9,10"
1120,"5,8,9,10"
1121,"1,2,3,4,6,7,8,10"
1122,"1,2,3,4,5,6,7,8,9,10"
1123,"1,2,3,4,5,6,7,8,9,10"
1124,"1,2,3,9,10"
1125,"4,9"
1126,"4,5,6,7,8,9,10"
1127,"1,2,3,7"
1128,"4,5,8,9,10"
1129,"2,3,4,5,7,8,10"
1130,"7,10"
1131,"2,3,7,8"
1132,"4,6,7,8,9,10"
1133,"4,9"
1134,"2,3,6"
1135,"5,6,8,9,10"
1136,"3,8"
1137,"4,6"
1138,"5,6,7,9,10"
1139,"3,8"
1140,"4,6,7,8,9,10"
1141,"5,7,8,9,10"
1142,"1,2,3,4,7"
1143,"1,2,3,6,7,8"
1144,"5,9"
1145,"5,6,7,8,9,10"
1146,"4,6,7,8,9,10"
1147,"3,6"
1148,"2,6,7,8,9,10"
1149,"4,5,6,7,8"
1150,"1,2,3,4,5,6,7,8"
1151,"1,2,3,4,5,6,7,8,9,10"
1152,"1,2,3,4,5,9"
1153,"1,2,3,6"
1154,"6,7,8,9,10"
1155,"4,5,6,7,8"
1156,"5,9,10"
1157,"1,2,3,4,5,8,9,10"
1158,"3,6,7,8"
1159,"1,2,3,4,5,6,7,8,9,10"
1160,"4,5,6,7,8,9,10"
1161,"4,5,7"
1162,"3,9"
1163,"4,10"
1164,"8,9,10"
1165,"3,4,5,10"
1166,"4,5,9,10"
1167,"2,3,4,5,7,8,9,10"
1168,"1,2,3,4,5,6,7,8,9,10"
1169,"4,6,7,8,10"
1170,"5,6,7,8,9,10"
1171,"1,6,7,8,9,10"
1172,"1,7"
1173,"3,8"
1174,"5,10"
1175,"1,10"
1176,"1,2,3,4,5,6,7,8,9,10"
1177,"4,7"
1178,"8,9,10"
1179,"1,2,3,6,7,8,9,10"
1180,"2,3,4,5,7,8,9,10"
1181,"1,2,3,6,7,8,9,10"
1182,"1,3,5,6,8,10"
1183,"4,6,9,10"
1184,"4,9"
1185,2
1186,"1,2,3,6,7"
1187,"1,2,3,6,7,8"
1188,"3,6,7"
1189,6
1190,"2,4,5,7,8,9,10"
1191,"6,7,8,10"
1192,"4,5,8,9,10"
1193,7
1194,"6,7,8"
1195,7
1196,"1,2,3,4,5,6,8,9,10"
1197,"1,6"
1198,"1,2,3"
1199,"1,2,3,4,5,6"
1200,"1,2,3,4,5,6,7,8,9,10"
1201,"4,5,6,7,8,9,10"
1202,"1,2,3,4,5,6,7,8,9,10"
1203,"1,7,8,9,10"
1204,"1,2,3,4,5,6,7,8,9,10"
1205,"1,2,3,4,5,6,7,8,9,10"
1206,"1,2,3,4,5,6"
1207,"8,9,10"
1208,"5,10"
1209,"1,2,3,4,5,6,7,8,9,10"
1210,"1,2,3,9,10"
1211,"4,5,9,10"
1212,"1,2,3,4,5,6"
1213,"1,6,7"
1214,"8,9,10"
1215,"1,2,3,4,5,6,7,8,9,10"
1216,"5,8,9"
1217,"4,5,9,10"
1218,"1,2,3,6"
1219,"6,7,8,9,10"
1220,"1,2,3,9"
1221,"1,2,3,4,5,6,7,8,9,10"
1222,"4,5,6,7,8,9,10"
1223,"1,6"
1224,"1,2,3,6"
1225,"2,3,4,5,6,7,8,9,10"
1226,"1,3"
1227,1
1228,"1,2,3,4,5,6,7,8,9,10"
1229,"1,3,4,5,6,8,9,10"
1230,"1,2,3,4,5,6,7,8,9,10"
1231,"3,4,5,6,7"
1232,"1,2,3,9,10"
1233,"1,2,3,4,5,6"
1234,"1,2,6,8"
1235,"1,2,3,5,6"
1236,"3,5,6,7,8,9,10"
1237,"1,6"
1238,"6,8"
1239,"6,7,8"
1240,"1,6"
1241,"6,7,8"
1242,"3,6"
1243,9
1244,"1,6"
1245,"1,2,3,6,7,8"
1246,"6,7,8"
1247,"1,6,7,8"
1248,"5,7,8,9"
1249,"1,2,3,6,7,8"
1250,"4,9"
1251,"1,2,3,4,5,9,10"
1252,"1,2,3,4,5,6,7,8,9,10"
1253,"4,6,7"
1254,"5,10"
1255,"4,5,10"
1256,"4,5,9,10"
1257,"1,2,3,6,7,8,9,10"
1258,1
1259,"4,10"
1260,"2,3,4,5,7,8,9,10"
1261,"6,7,8,9,10"
1262,"5,6,7,8,9,10"
1263,"1,2,3,4,5,6,7,8,9,10"
1264,"4,9"
1265,"1,2,3,4,6,7,8"
1266,"1,2,4,5,6,7,9"
1267,"2,8"
1268,"4,5,9,10"
1269,"1,2,3,6,7,8,9,10"
1270,"1,2,3,9,10"
1271,"1,2,3,4,5,6,7,8,10"
1272,"1,2,3,6,7,8,9,10"
1273,"2,3,4,5,6"
1274,"1,2,3,4,5,6,7,8"
1275,"5,9,10"
1276,"1,2,3,4,5,6,7,8,9,10"
1277,"1,7"
1278,"2,3,4,5,6,7,8,9,10"
1279,"4,6,7,8,9,10"
1280,"1,2,6,7"
1281,"1,2,3,9,10"
1282,"1,2,3,4,5,6,7"
1283,"4,6,7,10"
1284,"1,2,5,6,9,10"
1285,"3,10"
1286,"5,6,10"
1287,"1,2,3,4,5,9,10"
1288,"1,2,3,4,6,7,8,9,10"
1289,"5,9"
1290,"1,10"
1291,"1,2,3,6"
1292,"4,5,8,9,10"
1293,"4,5,6,7,8"
1294,"3,4,5,6,7,8,9,10"
1295,"1,6,7"
1296,"1,2,3,8,9,10"
1297,"1,2,3,4,5,6,7,8"
1298,"6,7,8,10"
1299,"6,7,8,10"
1300,"5,9,10"
1301,"2,3,4,5,7"
1302,"4,5,10"
1303,"1,3,4"
1304,"1,2,3,8,9,10"
1305,"5,8,9,10"
1306,"6,7,8"
1307,"1,2,3,6"
1308,"4,9"
1309,"1,6,7,9,10"
1310,"7,8,9,10"
1311,"3,8"
1312,"2,3,4,6,7,8,9,10"
1313,"4,5,6,7,8"
1314,"6,7,8,9"
1315,"1,2,3,6,7,8"
1316,"4,6,7,8,9,10"
1317,"3,6,7,8"
1318,"1,2,6"
1319,"1,2,3,6,7,8,9,10"
1320,"3,6,7"
1321,"1,2,3,4,5,6,7,8,9,10"
1322,"1,6,7,8"
1323,"6,7,8"
1324,"1,2,3,4,5,10"
1325,"5,10"
1326,"2,7"
1327,"4,5,6,7,8,9,10"
1328,"1,6,7,8,9,10"
1329,"1,2,3,4,5,10"
1330,"4,5,9,10"
1331,"1,4,5,6,9,10"
1332,"1,2,3,4,5,6,7,8,9,10"
1333,"3,6,8"
1334,"4,5"
1335,"1,2,3,4,5,6,7,8,9,10"
1336,"4,5,6,7,8,9,10"
1337,"4,8,10"
1338,"3,4,5,6,7,8,9,10"
1339,"4,5,9,10"
1340,"3,8"
1341,"1,3,10"
1342,"5,10"
1343,"1,2,3,4,5,6,7,8,9,10"
1344,"1,2,3,4,5,6,7,8,9,10"
1345,"1,2,3,8,9,10"
1346,"1,2,3,10"
1347,"4,5,8,9,10"
1348,"1,6"
1349,"1,3,4,5,7,9,10"
1350,"3,7,8,9,10"
1351,"4,10"
1352,"3,8"
1353,"4,10"
1354,"6,7,8,9,10"
1355,"4,5,6,7,8,9,10"
1356,"1,8"
1357,"4,8,9,10"
1358,"1,4"
1359,"2,3,5,6,7,8,9,10"
1360,"1,2,3,6,7,8,9"
1361,"2,8"
1362,"5,6,7"
1363,"4,9"
1364,"1,2,3,4,5,6,7,8,9,10"
1365,"2,4,5,6,7,8,9,10"
1366,"1,2,3,6,7,8,9"
1367,3
1368,"4,6,10"
1369,"1,6,7,8,9,10"
1370,"1,2,3,4,6"
1371,"4,10"
1372,"5,6,7,8,10"
1373,"1,2,3,4,5,6,7,8,9,10"
1374,"1,6,7,8,9,10"
1375,"1,2,3,4,5,6,7,8,9,10"
1376,"3,6,7,8"
1377,"4,5,6,8,9,10"
1378,"1,2,3,10"
1379,"4,9"
1380,"3,4,6,7,8,9,10"
1381,"3,6"
1382,"1,2,3,4,5,6,7,8,9,10"
1383,"4,5,8,9,10"
1384,"2,10"
1385,"1,2,3,4,6,7,8,9,10"
1386,"1,6"
1387,"1,2,3,4,7,8"
1388,"4,5,8,10"
1389,"1,2,6,7"
1390,"1,2,3,6,7,8,9,10"
1391,"1,2,3,4,5,6,7,8,9,10"
1392,"3,4,5,10"
1393,"4,9"
1394,"1,2,3,4,6,7,8,9,10"
1395,"1,2,3,6,7,8"
1396,"1,2,3,4,5,6,7"
1397,"1,2,3,5,6,7,8,10"
1398,"1,2,3,4,5,6,7,8,9,10"
1399,"4,6,7,8,9"
1400,"4,9"
1401,"3,4,5,6,7,8"
1402,"1,2,3,9,10"
1403,"1,2,3,4,6,7,8,9"
1404,"3,8,9,10"
1405,"1,2,3,6,7,8,9,10"
1406,"2,3,4,5,7,8,9,10"
1407,"2,3,6,7,8"
1408,"2,3"
1409,"4,5,6,7,8,9,10"
1410,"1,2,6,7,8,10"
1411,"4,5,6,7,8"
1412,"4,6,7,8,9,10"
1413,"1,2,3,9,10"
1414,"1,2,3,4,5,6,7,8,9,10"
1415,"4,5,9,10"
1416,"1,2,3,4,6,7,8"
1417,"2,6,8,9,10"
1418,"1,2,3,4,5,6,7,8,9,10"
1419,"1,2,3,4,5,6,7,8,9,10"
1420,"1,6"
1421,"1,3,4,5,7,9,10"
1422,"1,6"
1423,"2,3,4,5,6"
1424,"1,2,3,6,7,8"
1425,"1,2,3,4,5,6,7,8,9,10"
1426,"1,2,3,4,5,6,7,8,9,10"
1427,"1,2,3"
1428,"7,8,9,10"
1429,"1,2,3,6"
1430,"4,5,8,9,10"
1431,"1,2,3,4,5,6,7,8,9,10"
1432,"2,3,4,5,9,10"
1433,"2,3,7,8"
1434,"1,2,3,4,5,6,7,8,9,10"
1435,"1,2,3,4,5,6,7,8,9,10"
1436,"1,2,3,6"
1437,"1,2,3,5,6,7,8,10"
1438,"5,8,9,10"
1439,"2,10"
1440,"1,2,3,4,5,6,7,8,9,10"
1441,"6,7,8,9,10"
1442,"5,6,7,8,9,10"
1443,"2,3,10"
1444,"4,5,7,8,9,10"
1445,"6,7,8,9,10"
1446,"1,2,3,7"
1447,"5,10"
1448,"1,2,3,4,5,6,7,8,9,10"
1449,"1,2,4,5,9,10"
1450,"1,2,3"
1451,"4,9,10"
1452,"1,2,3,6,7,8"
1453,"1,2,3,6"
1454,"1,2,3,6"
1455,"4,6,7,8"
1456,"1,2,3,6,7,8"
1457,"2,3,4,5,6,7,8,10"
1458,"1,2,6,7,8,10"
1459,"4,8,9,10"
1460,"1,2,3"
1461,"1,2,3,4,5,6,7,8,9,10"
1462,"1,6"
1463,"3,7"
1464,"4,6,7"
1465,"1,2,3,9,10"
1466,"1,4,5,6,7,8,9,10"
1467,"1,2,3,4,5,6,7,8,9,10"
1468,"1,2,3,4,5,6,7,8"
1469,"1,2,3"
1470,"4,5,6,7,8,9,10"
1471,"4,5,9,10"
1472,"2,3,7"
1473,"5,9,10"
1474,"1,2,3,4,6"
1475,"3,4,6,7,8,9"
1476,"1,6"
1477,3
1478,"3,7"
1479,"1,2,3,4,5,6,7,8,9,10"
1480,"1,6,8,9,10"
1481,"1,2,3,5,7,8,9,10"
1482,"1,3,6,7,10"
1483,"3,4,6,7,9,10"
1484,"4,5,9,10"
1485,"1,2,3,6,7,8"
1486,6
1487,"3,6,7,8,9,10"
1488,"6,7,8,9,10"
1489,"3,7"
1490,"1,6"
1491,"1,2,3,4,5,6,7,8,9,10"
1492,"1,3,6,8"
1493,"1,2,3,4,5,6,7,8,9,10"
1494,"1,3,7"
1495,"1,9,10"
1496,"2,4,5,6,7,8,9,10"
1497,"2,3,7,9,10"
1498,"3,6"
1499,"2,5,6,7,8,10"
1500,"5,6,7,8,9,10"
1501,"1,2,3,4,5,6,7,8,9,10"
1502,"4,5,9"
1503,"4,10"
1504,"1,2,3,4,5,6,7,8,9,10"
1505,"1,2,3,4,5,6,7,8,9,10"
1506,"1,2,3,4,5"
1507,"1,3,4,5,6"
1508,"1,2,3,6,7,8"
1509,"1,2,3,6,9,10"
1510,"4,9"
1511,"2,7"
1512,"1,2,3,10"
1513,"1,2,3,4,5,6,7,8,9,10"
1514,"4,9"
1515,"2,3,4,5,6,7,8,9,10"
1516,"1,2,3,4,5,6,7,8,9,10"
1517,"6,7,8,10"
1518,"5,9,10"
1519,"1,2,6,7,8,10"
1520,"5,6,7,8,9,10"
1521,7
1522,"2,7,8,10"
1523,"6,7,8,9,10"
1524,"1,6"
1525,"4,5,8"
1526,"1,2,3,6,7,8"
1527,"1,6"
1528,"4,5,6,7,8,9,10"
1529,"5,6,7,8,9,10"
1530,"2,6"
1531,"4,5,6,7,8"
1532,"1,6,7,8"
1533,"1,2,3,4,5,6,7,8,9,10"
1534,"2,4,5,6,7,8,9,10"
1535,"1,6"
1536,"4,6,7,8"
1537,"1,2,6,7"
1538,"4,9"
1539,"1,2,3,4,5,9"
1540,"5,6,7,8,9,10"
1541,"4,5,6,7,8,9,10"
1542,"1,2,3,6,7,8,10"
1543,"4,9"
1544,"4,6,7"
1545,"4,6,7,8,9,10"
1546,"3,7"
1547,"1,2,3,4,5,6,7,8,9,10"
1548,"2,3,6,7,8,9"
1549,"1,6"
1550,"1,2,6"
1551,"1,2,3,4,5,6,7,8,9,10"
1552,"1,2,3,4,5,6,7,8,9,10"
1553,"1,2,3,9,10"
1554,"9,10"
1555,"4,5,9"
1556,"1,2,3,4,5,8,9"
1557,"1,2,3,4,5,6,7,8"
1558,"4,5,10"
1559,"1,2,3,4,5,6,7,8,9,10"
1560,"1,2,3,4,5"
1561,"4,5,8,9,10"
1562,"1,2,3,6"
1563,"5,10"
1564,"1,2,3,6,7,8"
1565,"3,6,7,8"
1566,"3,6"
1567,"4,5,6,7,8,9,10"
1568,"1,7"
1569,"5,6,7,8,9,10"
1570,"2,3,6,7"
1571,"4,5,6,7,8,9,10"
1572,"1,2,6,7"
1573,"4,6,7,8,10"
1574,"1,4,5,6,9,10"
1575,"5,10"
1576,"4,6,7,8,9,10"
1577,"1,3"
1578,"1,9"
1579,"1,4,5,6,7,8,9,10"
1580,"1,6,7,8"
1581,"1,2,3,6,7,8"
1582,"2,6,7,8,9,10"
1583,"4,6,7,8,9,10"
1584,"1,6"
1585,"3,5,8,10"
1586,"2,4,5,7,8"
1587,"4,5,6,7,8"
1588,"1,2,3,6,7,8"
1589,"1,2,3,4,5,9,10"
1590,"1,6,7,8,9,10"
1591,"1,2,3,6,7,8"
1592,"3,6,7,8"
1593,"1,2,3,4,6,7,8,9,10"
1594,"1,2,3,8,9,10"
1595,"1,3,4,5,6,8,10"
1596,"1,2,3,4,6,7,8,9"
1597,"3,4,5,6,7,8,9,10"
1598,"1,2,3,4,5,6,7,8,9,10"
1599,"3,6"
1600,"1,6"
1601,"4,10"
1602,"4,5,8"
1603,"3,8"
1604,"1,3,6"
1605,"1,6,7,8"
1606,"1,2,3,6,7,8"
1607,"2,7"
1608,"4,7,8"
1609,2
1610,"1,2,3,6,7,8"
1611,"1,2,3,4,5,7"
1612,"1,2,3,4,5,6,7,8,9,10"
1613,"2,4,5,9"
1614,"1,10"
1615,"1,2,3,4,6,7,8,9"
1616,"1,2,3,5,6,7,8,10"
1617,"1,2,3,9,10"
1618,"1,2,3,6"
1619,"1,2,3"
1620,"4,5,8,9"
1621,"1,2,3,10"
1622,"1,2,3,4,5,6,7,8,9,10"
1623,"2,10"
1624,"2,4,6,8"
1625,"1,6"
1626,"1,2,3,6,7,8"
1627,"1,6,7,8,9,10"
1628,"1,2,3,4,5,10"
1629,"1,6"
1630,"1,2,3,4,5,6,7,8,9,10"
1631,"3,6,7,8"
1632,"4,5,8,10"
1633,"1,2,3,4,5,6,7,8,9,10"
1634,"2,6,7"
1635,"2,3,6,7,8,9,10"
1636,"4,5,6,7,8,9,10"
1637,"4,8"
1638,"4,5,6,7,8,9,10"
1639,"4,8"
1640,"3,4,5,7,8,9,10"
1641,"1,4,5,6,9,10"
1642,"1,2,3,5,6,7,8,9,10"
1643,"2,3,4,5,7"
1644,"2,6,7,8,9,10"
1645,"1,2,3,5,6,7,8,9,10"
1646,"6,7"
1647,"5,10"
1648,"1,2,3,7"
1649,"5,6,7,8"
1650,"4,9"
1651,"4,10"
1652,"1,2,3,6"
1653,"4,5,9,10"
1654,"1,2,3,6,7,8"
1655,"1,2,3,8,9,10"
1656,"3,6"
1657,"1,2,7"
1658,"1,6"
1659,"1,2,3,4,5,6,7,8"
1660,"1,2,6,7,8,9,10"
1661,"1,2,3,6,7"
1662,"6,7,8,9,10"
1663,"2,7"
1664,"4,9"
1665,"3,10"
1666,"3,4,5,6,7,8,9,10"
1667,"4,5,6,7,8"
1668,"2,3,6,7,8"
1669,"1,2,3,4,5,6,7,8,9,10"
1670,"2,6,7,8,9,10"
1671,"2,3,9"
1672,"4,5,8"
1673,"4,5,6,7,8"
1674,"2,3,4,6,7,10"
1675,"1,2,3,9,10"
1676,"1,6,7,8,9,10"
1677,"4,8"
1678,"1,2,3,4,5,6,7,8,9,10"
1679,"1,2,3,4,5,6,7,8,9,10"
1680,"4,9"
1681,6
1682,"1,5,9,10"
1683,"4,5,9,10"
1684,"1,2,3,4,5"
1685,"5,10"
1686,"1,2,3"
1687,"6,7,8,9,10"
1688,"5,10"
1689,"1,10"
1690,"1,3,6,8,9,10"
1691,"1,6"
1692,"4,5,6,7,8,9,10"
1693,"3,10"
1694,"6,7,8,9"
1695,"4,6,7,8,9,10"
1696,"6,7,8,9,10"
1697,"1,2,3,4,5,6,7,8,9,10"
1698,"1,2,3,4,5,6,7,8,9,10"
1699,"1,2,3,4,5,6,7,8,9,10"
1700,"1,2,3,4,5,6"
1701,"4,6,7,8,9,10"
1702,"1,3,4,5,6,8,9,10"
1703,"5,10"
1704,"1,2,3,4,5,6,7,8,9,10"
1705,"1,2,3,4,5,7,8,9,10"
1706,"1,2,3,4,5,6"
1707,"1,2,8,9"
1708,"1,2,3,4,5,6,7,8"
1709,"5,6"
1710,"2,6,7"
1711,"1,2,3,7"
1712,"1,3,10"
1713,"4,6,7"
1714,9
1715,"1,2,3,6,7,8,9,10"
1716,"1,6"
1717,"5,10"
1718,"1,6"
1719,"3,4,8"
1720,"4,9,10"
1721,"2,8"
1722,10
1723,"4,5,6,7,8,10"
1724,"1,5,6,7,8,10"
1725,"1,2,3,4,5,6,7,8,9,10"
1726,"1,6"
1727,"5,10"
1728,"1,2,3,10"
1729,"6,7,8"
1730,"2,3,7,8"
1731,"2,8"
1732,"1,2,3,6"
1733,"1,7,8,9,10"
1734,"5,10"
1735,"5,7,8,9,10"
1736,"2,6,7,10"
1737,"1,2,3,4,5,6,7,8,9,10"
1738,"1,3"
1739,"4,5,6,7,8"
1740,"4,5,6,7,8,9,10"
1741,"1,2,3,6"
1742,"1,6,7,8,9,10"
1743,"4,5,9,10"
1744,"1,2,3,4,5,6,7,8,9,10"
1745,"1,2,6,8"
1746,"1,6"
1747,"2,3,6"
1748,"2,3,10"
1749,"4,9"
1750,"4,5,6,7,8,9"
1751,"4,9"
1752,"5,10"
1753,"5,8,9,10"
1754,"1,2,3,4,5,6,7,8,9,10"
1755,"9,10"
1756,"4,5,6,7,8"
1757,"8,9,10"
1758,"1,6,7,8,9,10"
1759,"4,5,9,10"
1760,"6,7,8,9,10"
1761,"1,6"
1762,"1,2,3,6,7,8"
1763,"6,7"
1764,"4,5,6,7,8,9,10"
1765,"1,2"
1766,"4,5,6,7,8,9,10"
1767,"4,5,9,10"
1768,"1,6,7,8,9"
1769,"1,9"
1770,"6,8,9,10"
1771,"4,5,6,7,8"
1772,"5,10"
1773,"3,4,5,8,9,10"
1774,"1,2,3,9,10"
1775,"5,6,7,8,9,10"
1776,"1,2,3,4,5,6,7,8,9,10"
1777,"3,10"
1778,"1,10"
1779,"2,3,4,5,7,8,9,10"
1780,"3,6,7,8,9,10"
1781,"4,5,6,7,8,9,10"
1782,"4,10"
1783,"2,3"
1784,"1,2,3,4,5"
1785,"4,5,6,7,8,9,10"
1786,"2,6,7,8,9,10"
1787,"4,6,7,8,9,10"
1788,"5,10"
1789,"5,9,10"
1790,"1,2,3,6"
1791,"2,4,5,6,7,8,9,10"
1792,"1,2,3,4,5,6,7,8,9,10"
1793,"4,10"
1794,"1,6"
1795,7
1796,"1,2,3,4,6,7,8,9"
1797,"2,3,6,7,8,9,10"
1798,"5,10"
1799,"1,3,10"
1800,"3,4,5,6,8,9,10"
1801,"4,5,6,7,8,9,10"
1802,"1,2,3,6,7,8"
1803,"2,3,6,7,8,9,10"
1804,"1,2,3,4,5,6,7,8,9,10"
1805,"1,2,3,4,5,6,7,8,9,10"
1806,"4,5,9,10"
1807,"2,3,4,5,6,7,8,9,10"
1808,"1,2,4,6,7,8,9,10"
1809,"1,2,3,6,7,8,9,10"
1810,"1,7"
1811,"3,7,8"
1812,"1,2,3,5,6,7,9,10"
1813,"4,5,8"
1814,"1,2,3,4,5,6,7"
1815,"1,2,3,4,5,6,7,8,9,10"
1816,"1,2,3,9,10"
1817,"1,2,3,4,5,8"
1818,"5,6,7,8,9,10"
1819,"5,10"
1820,"1,10"
1821,"1,6,7,8,10"
1822,"3,7,8"
1823,"2,5,6,8,9"
1824,"1,2,3,9"
1825,"4,7"
1826,"1,9"
1827,"2,3,7"
1828,"6,7,8"
1829,"1,2,3,4,5,9,10"
1830,"6,7,8,9"
1831,"5,6,7,8,9,10"
1832,"1,2,3,4,5,6,7,8,9,10"
1833,"3,4,5,8,9,10"
1834,"1,2,3,4,5"
1835,"1,2,3,6,7,8,9,10"
1836,"1,2,3,4,6,7,9,10"
1837,"1,2,3,8"
1838,"1,6"
1839,"1,2,3,6,7,8,10"
1840,"1,2,6,7"
1841,"2,10"
1842,"4,5,9,10"
1843,"1,3,4,5,6,7"
1844,"4,5,6,7,8,9,10"
1845,"3,5,6,8,9,10"
1846,"2,10"
1847,"1,2,3,4,5,6,7,8,9,10"
1848,"1,2,3,6,7,8"
1849,"1,2,3,8,10"
1850,"1,2,3,4,5,6,7,8,9,10"
1851,"4,6,7,8,9"
1852,"8,9,10"
1853,"1,2,3,4,5,6,7,8,9,10"
1854,"1,2,3,6,7,8"
1855,"2,8"
1856,"1,6"
1857,"2,6,7,8,9,10"
1858,"3,10"
1859,"6,7,8,9,10"
1860,"5,7"
1861,"1,2,3,6"
1862,"1,2,3,4,5,6,7,8,9,10"
1863,"1,3,6,8"
1864,"5,6"
1865,"4,6"
1866,"3,8"
1867,"4,9,10"
1868,"6,7,8,9,10"
1869,"1,6"
1870,"2,3,10"
1871,"2,7"
1872,"3,5,8,9,10"
1873,"3,6,7,8,9,10"
1874,"1,2,3,4,5,6,7,8,9,10"
1875,"4,8"
1876,"1,2,3,6"
1877,"4,10"
1878,"3,4,5,6,7,8,9,10"
1879,"4,6,7,9"
1880,"4,5,6,7,8,9,10"
1881,"2,3,4,5,6,7,8,9,10"
1882,"4,6,7,8,9,10"
1883,"1,2,3"
1884,"1,2,3,4,5,6,7,8,9,10"
1885,"1,2,3,4,5,6,7,8,9,10"
1886,"4,5,6,7,8,9,10"
1887,"5,7,10"
1888,"1,6"
1889,"4,5,6,7"
1890,"1,2,3"
1891,"1,3,4,5,6,7,8,9,10"
1892,"3,5,6,7,8,9,10"
1893,"1,2,3,4,5,6,7,8,9,10"
1894,"4,6,7,8,9"
1895,"1,2,6,7"
1896,"1,2,3,10"
1897,"1,6"
1898,"2,6"
1899,"4,6,8,9,10"
1900,"4,9"
1901,"5,7,8,10"
1902,"4,5,6,7,8"
1903,"3,8"
1904,"1,2,3,4,5"
1905,"2,6,7"
1906,"4,5,6,7,8,9,10"
1907,"1,2,3,4,5,6,7,8,9,10"
1908,"1,2,3,4,5,10"
1909,"1,3,4,5,6,8,9,10"
1910,"4,9"
1911,"1,6"
1912,"1,2,3,4,5"
1913,"4,6,7,8,9,10"
1914,"4,5,6,7,8,9"
1915,"1,6,7,8,9,10"
1916,"1,2,3,4,5,6,7,8,9,10"
1917,"1,7"
1918,"3,7"
1919,"1,6"
1920,"1,2,3,9,10"
1921,"6,7,8,9,10"
1922,"4,6,10"
1923,"4,9"
1924,"4,5,9,10"
1925,"1,2,3,4,5,6,7,8,9,10"
1926,"6,7,8"
1927,"4,5,6,7,8,9,10"
1928,"4,5,6,7,8,9,10"
1929,"3,4,5,8,9,10"
1930,"4,5,8,9,10"
1931,"4,5,9,10"
1932,"1,2,3,4,5,6,7,8,9,10"
1933,"5,6"
1934,"1,2,3,4,5,10"
1935,"2,3,4,5,6,7,8,9,10"
1936,"5,10"
1937,"1,3,4,5,6,8,9,10"
1938,"1,6,7,8,9"
1939,"4,5,6,7,8,9,10"
1940,"2,3,7,8"
1941,"4,5,6,8,9,10"
1942,"1,2,3,4,6,7,8,9"
1943,"4,9"
1944,"7,8,10"
1945,"3,6,7,8,9,10"
1946,"5,8,9,10"
1947,"1,2,3,6,7,8,9,10"
1948,"4,7,8,9"
1949,"4,5,6,7,8,9,10"
1950,"1,2,3,4,5,6,7,8,9,10"
1951,"1,2,3,4,5,9,10"
1952,"1,2,3,4,5,6,7,8,9,10"
1953,"1,6"
1954,"4,6,7,8,9,10"
1955,"2,7"
1956,"2,7"
1957,"5,10"
1958,"5,10"
1959,"4,8"
1960,"1,2,3,5,6,7,8,10"
1961,"6,7,10"
1962,"1,2,3,6,7,8,9,10"
1963,"5,10"
1964,"6,7,10"
1965,"4,5,6,7,8,9,10"
1966,"4,8"
1967,"3,4,5,6,7,10"
1968,"4,5,8,9,10"
1969,"1,2,3,6,7,8"
1970,"4,7"
1971,"1,2,3,9,10"
1972,"4,5,6,7,8,9,10"
1973,"4,8,9"
1974,"1,2,3,5,6,7,9,10"
1975,"4,5,6,7"
1976,"2,4,5,6,7,8"
1977,"4,5,9,10"
1978,"1,2,3,4,6,7,8,9,10"
1979,"2,3,6,7,8,9,10"
1980,"3,6"
1981,"1,2,3,5,6,7,9,10"
1982,"6,7,8,9,10"
1983,"4,5,6,7,8,9,10"
1984,"1,2,3,6,7,8"
1985,"3,6,7,8,9,10"
1986,"5,10"
1987,"1,2,6,7"
1988,"2,8"
1989,"1,8"
1990,"1,2,3,4,5,10"
1991,"9,10"
1992,"1,3,4,7,10"
1993,"1,2,3,5,6,7,8,10"
1994,"4,5,6,7,8,9,10"
1995,"1,2,3,4,5,6,7,8,9,10"
1996,"1,2,6,7"
1997,"4,5,6,7,8"
1998,"4,10"
1999,"3,4,5,10"
2000,"4,5,9,10"
2001,"1,6"
2002,"5,6,7,8,9,10"
2003,"5,6,7,8,9,10"
2004,"4,5,9,10"
2005,"4,5,6"
2006,"3,7"
2007,"1,10"
2008,"1,2,3,4,5,9"
2009,"8,9,10"
2010,"4,5,6,7,8,9,10"
2011,"2,3,6,7,8,9,10"
2012,"1,2,3,4,5,6,7,8,9,10"
2013,"1,2,3,4,6,7,8"
2014,"1,3,6,7,8,9,10"
2015,"5,6"
2016,"5,10"
2017,"1,2,3,4,5,6,7,8,9,10"
2018,"1,2,3,4,5,6,7,8,9,10"
2019,"6,7,8,9,10"
2020,"1,6"
2021,"1,2,3,4,5,6,7,8,9,10"
2022,"4,6,7,8,9,10"
2023,"1,2,3,9"
2024,"4,6"
2025,"1,2,3,7"
2026,"1,2,3,4,5"
2027,"4,6"
2028,"5,9,10"
2029,"4,6,7,8,9,10"
2030,"1,2,3,4,5"
2031,"2,6,7,8"
2032,"3,10"
2033,"5,10"
2034,"1,6,7"
2035,"5,10"
2036,"1,2,3,4,5,6,7,8,9,10"
2037,"4,5,6,7,8,9,10"
2038,"5,6,7,8,9,10"
2039,"1,2,3,4,5,6,7,8,9,10"
2040,"1,2,3,4,5,6,7,8,9,10"
2041,"1,2,7"
2042,"4,5,6,7,8"
2043,"1,6"
2044,"1,2,3,9,10"
2045,"4,6,7,8,10"
2046,"2,7"
2047,"4,5,6,7,8"
2048,"6,8,9,10"
2049,"1,6,7,8,9,10"
2050,"4,8"
2051,"1,6"
2052,"2,8"
2053,"3,10"
2054,"4,5,6,7,10"
2055,"1,2,3,4,5,6,7,8,9,10"
2056,"1,2,3,6,7,8"
2057,"2,3,4,8,9"
2058,"1,2,3,4,6,7,8,9,10"
2059,"5,9,10"
2060,"5,6,7,8,9,10"
2061,"1,2,3,4,5,6,7,8,9,10"
2062,"3,6"
2063,"5,10"
2064,"1,6,7,8,9,10"
2065,"1,3,6,8,9,10"
2066,"1,7"
2067,"5,10"
2068,"1,2,3,6,7,8"
2069,10
2070,"1,3,4,5,6,9,10"
2071,"6,7,8,9,10"
2072,"1,2,3,4,5,6,7,8,9,10"
2073,"1,2,3,4,5,6,7,8,9,10"
2074,"3,4,5,6"
2075,"1,2,3,4,5,6,7,8,9,10"
2076,"1,6"
2077,"1,2,3,6,7,8,9,10"
2078,"4,9,10"
2079,"1,2,3,4,9"
2080,"2,6,7,8,9,10"
2081,"4,6,7,8,9,10"
2082,"1,2,3,4,5,6,7,8,9,10"
2083,"1,6"
2084,"3,5,6,7,8,9,10"
2085,"6,7,9,10"
2086,"3,6,7,8,9,10"
2087,"4,9"
2088,"1,2,3,6"
2089,"4,5,6,7,8,9"
2090,"1,2,3,6,7"
2091,"1,2,3,7"
2092,"4,5,6,7,8"
2093,"3,10"
2094,"4,5,6,7,8,9,10"
2095,"1,2,3,4,5,6"
2096,"1,2,3,6,7,8,10"
2097,"1,7,8"
2098,"1,2,3,6,7,8"
2099,"2,3,4,5,6,7,8"
2100,"3,8"
2101,"5,9"
2102,"5,10"
2103,"1,2,3,6,7,8"
2104,"2,4,5,6,7,9,10"
2105,"1,2,3,9,10"
2106,"6,7,8,9,10"
2107,"1,2,3,4,5,6,7,8,9,10"
2108,"1,2,3,6,7,8,9,10"
2109,"1,2,3,4,5,6,7,8,9,10"
2110,"5,8"
2111,"1,2,6"
2112,"3,6,7"
2113,"4,6,7,8,10"
2114,"1,2,3,6,7,8,9,10"
2115,"1,2,6"
2116,"1,2,3,4,5,6,7,8,9,10"
2117,"1,9,10"
2118,"7,8,9"
2119,"4,5,8,9,10"
2120,"3,5,6,7,8,9,10"
2121,"1,2,3,9,10"
2122,"5,10"
2123,"3,6,8"
2124,"4,9,10"
2125,"1,2,3,4,5,6,7,8,9,10"
2126,"1,6"
2127,"1,3,4,5,6,8,9,10"
2128,"6,7,8,9,10"
2129,"6,8,9,10"
2130,10
2131,"1,2,4,5,8,9,10"
2132,"1,2,3,4,5,6,7,8,9,10"
2133,"1,2,3,5,9,10"
2134,"2,3,4,7,8,9"
2135,"1,2,3,4,5,6,7,8,10"
2136,"1,6"
2137,"1,10"
2138,"4,5,9,10"
2139,"4,5,6,7,8"
2140,"1,2,8"
2141,"2,3,4,5,7,8,9,10"
2142,"4,5,6,9,10"
2143,"1,2,3,4,5,6,7,8,9,10"
2144,"2,3,4,5,6,7,8,9,10"
2145,"1,2,3,4,5,9,10"
2146,"6,7,8,9"
2147,"5,9"
2148,"2,7"
2149,"2,6,7,8,9,10"
2150,"1,2,3,6,7,8"
2151,"2,6,7,8"
2152,"3,8"
2153,"1,2,3,4,5,9,10"
2154,"4,5,6,7,8"
2155,"1,2,6,7"
2156,"3,6,7"
2157,"1,2,3,4,5,6,7,8,9,10"
2158,"1,2,3,4,5,9"
2159,"1,2,3,4,5,6,7,8,9,10"
2160,"1,2,3,6,7,8,9,10"
2161,"5,7,8,9,10"
2162,"5,10"
2163,"1,2,3,4,5,7,8,10"
2164,"3,4,5,6,7,8,9,10"
2165,"1,2,3,4"
2166,"5,6,7,10"
2167,"1,7"
2168,"1,2,3,4,5,6,7,8,9,10"
2169,"1,2,3,6,7,8,9,10"
2170,"1,2,3,4,5"
2171,10
2172,"6,7,8,9,10"
2173,"5,10"
2174,"2,6,7,8"
2175,"2,4,5,6,7,8,9,10"
2176,"3,4,5,8,9,10"
2177,"4,5,6,7,8,9,10"
2178,"4,6,7,8,9,10"
2179,"8,9,10"
2180,"3,4,5,8,9"
2181,10
2182,"3,7,8,9,10"
2183,"2,6"
2184,"4,5,7"
2185,"1,6"
2186,"4,6,7,8,9,10"
2187,"4,5,9,10"
2188,"4,9"
2189,"1,2,3,6,7,8,10"
2190,"4,5,9,10"
2191,"1,2,3,4,5,6,7,8"
2192,"4,6,7,8,9,10"
2193,"6,7,8,9,10"
2194,"1,2,3,4,5,6,8,9,10"
2195,"4,6,7,8,9,10"
2196,"1,6"
2197,"5,6,9,10"
2198,"4,9"
2199,"1,2,3,9,10"
2200,"5,6,7,8,9,10"
2201,"1,2,3,4,5,6,7,8,9,10"
2202,"3,6,7,8,10"
2203,"6,7,8,9,10"
2204,"1,2,4,5,6,8,9,10"
2205,"1,2,3,4,5,6,7,8"
2206,"1,2,3,4,5,9,10"
2207,"4,5,6,7,8,9,10"
2208,"5,6,7,8,9,10"
2209,"5,6,7,8,9,10"
2210,"4,10"
2211,"3,8"
2212,"4,10"
2213,"3,4,5,6,7,8,9,10"
2214,"1,2,3,4,5,6,7,8,9,10"
2215,"4,5,8,9,10"
2216,"4,5,6,7,8,9,10"
2217,"1,2,3,6,7,8"
2218,"1,2,3,6,7"
2219,"4,5,9,10"
2220,"1,2,3,4,5,6,7,8,9,10"
2221,"6,7"
2222,"3,5,8,10"
2223,"6,7,8,9,10"
2224,"1,2,3,4,5,6,7,8,9,10"
2225,"1,2,3,6,7,9"
2226,"4,5,8,9,10"
2227,"5,6,7,8,9,10"
2228,"5,9"
2229,"3,10"
2230,"4,6,7,8,9,10"
2231,"1,6"
2232,"2,6,7,8,9,10"
2233,"5,9"
2234,"1,6,7,8,9,10"
2235,"1,2,3,5,6,7,9,10"
2236,"6,7,8,9,10"
2237,"4,10"
2238,"4,6"
2239,"4,8"
2240,"1,2,3,4,5,6,7,8,9,10"
2241,"1,2,3,4,5,6,7,8,9,10"
2242,"6,7,8,9,10"
2243,"2,3,4,5,6,7,8,9,10"
2244,"1,2,3,9,10"
2245,"4,6,9"
2246,"6,7,8,10"
2247,"1,2,3,4,5,9,10"
2248,"4,6,9"
2249,"1,2,3,4,5,6,7,8,9,10"
2250,"6,8,9,10"
2251,"4,5,6,7,8,9,10"
2252,"1,2,6"
2253,"1,2,3,4,5,10"
2254,"3,4,5,8,9,10"
2255,"1,2,3,4,5,6,7,8,9,10"
2256,"1,8"
2257,"1,2,3,6"
2258,"3,8"
2259,"4,8"
2260,"3,4,5,6,7,8,9,10"
2261,"1,2,3,4,5,6,7,8,9,10"
2262,"1,7"
2263,"1,6"
2264,"2,3,4,5,6,7,8,9,10"
2265,"3,6,7"
2266,"2,6"
2267,"4,5,6,7,8"
2268,"4,5,6,7,8,9"
2269,"1,2,3,4,5,6,7,8,9,10"
2270,"4,5,6,7,8,9,10"
2271,"5,6"
2272,"1,2,3,6"
2273,"1,2,3"
2274,"1,2,3,4,5,6,7,8,9,10"
2275,3
2276,"3,8"
2277,"1,6"
2278,"5,6,7,8,9,10"
2279,"1,2,3,4,5,6,8,9,10"
2280,"1,6"
2281,"1,2,7,8"
2282,"3,10"
2283,"1,2,3,4,5,6,7"
2284,"1,2,3,6,7,8"
2285,"1,2,3,6"
2286,"1,2,3,9,10"
2287,"6,7,8,9"
2288,"1,2,3,4,5,7"
2289,"5,10"
2290,"1,6"
2291,"4,5,9,10"
2292,"4,5,6,7,8,9,10"
2293,"3,6,7,8"
2294,"4,5,9,10"
2295,"2,6"
2296,"4,5,9,10"
2297,"2,4,5,6,7,8,9,10"
2298,"1,2,3,9,10"
2299,"2,3,7"
2300,"2,7"
2301,"4,5,6,7,8,9,10"
2302,"1,2,3"
2303,"1,2,3,4,5,7,8,9,10"
2304,"1,2,3"
2305,"1,2,3,6,7,8"
2306,"4,6,8"
2307,"2,3,4,5,6,7,8,9,10"
2308,"2,5,7,10"
2309,"3,8"
2310,"1,2,3,6,7,8"
2311,"1,2,3,4,5,6,7,8,9,10"
2312,"4,5,7,8,9,10"
2313,"1,2,3,4,5,6,7,8"
2314,"1,2,3,5,6,7,8,9,10"
2315,"1,2,3,4,5,6,7,8,9,10"
2316,"4,5,7,8,9,10"
2317,"2,3,6,10"
2318,"1,2,3,6,7"
2319,"2,7"
2320,"5,6,7,8,9,10"
2321,"4,5,6,7,8,9,10"
2322,"6,7,8,9,10"
2323,"4,10"
2324,"1,2,3,4,5,6,7,9,10"
2325,"4,5,6,7"
2326,"1,2,3,7"
2327,"2,3,8"
2328,"4,5"
2329,"5,10"
2330,"4,9"
2331,"4,6"
2332,"1,2,3,4,5,6,7,8,9,10"
2333,"1,6"
2334,"4,9,10"
2335,"1,2,6,7"
2336,"3,4,5,6,7,8,9,10"
2337,"1,2,3,4,5,6,7,8,9,10"
2338,"1,2,4,6,7,8,9,10"
2339,"6,7,8,10"
2340,"4,6,7,8,9,10"
2341,"1,2,3,4,5,6,7,8,9,10"
2342,"1,2,3,4,5,6,7"
2343,"3,9"
2344,"4,5,6,7"
2345,1
2346,"3,5,6,7,8,9,10"
2347,"3,7"
2348,"1,2,3,4,5,6"
2349,"4,6,7,8,9,10"
2350,"1,2,3,6,7"
2351,"9,10"
2352,"1,2,3,6,7,8"
2353,"1,2,3"
2354,"2,4,5,6,7,8,9,10"
2355,10
2356,"2,9"
2357,"1,6"
2358,"1,2,3,4,6,7,8,9,10"
2359,"4,5,6,7,8,9,10"
2360,"1,3,4,5,6,7,8,9,10"
2361,"1,2,3,6,7"
2362,"1,3,4,5,6,7,8,9,10"
2363,"6,7,8"
2364,"1,2,3,4,5,6,7,8,9,10"
2365,"1,2,6,7"
2366,"4,5,6,7,8,9,10"
2367,"4,5,10"
2368,"5,6,7,8,9,10"
2369,"1,2,3,4,5,6,7,8,9,10"
2370,"3,6"
2371,"2,3,4,7,8,10"
2372,"8,9,10"
2373,"3,4,5,6,7,8,9,10"
2374,"4,6,7,8,9,10"
2375,"4,9"
2376,"4,5,6,7,8,9,10"
2377,"1,2,3,4,5,6,7,8,9,10"
2378,"3,8"
2379,"4,9"
2380,"1,6"
2381,"4,7,8,10"
2382,"1,2"
2383,"4,6,7,8"
2384,"4,6,9,10"
2385,"5,6,7,8,9,10"
2386,"4,6"
2387,"2,6,7"
2388,"1,2,3,4,5,6,7,8,9,10"
2389,"4,5"
2390,"1,2,3,4,5,6,7,8,9,10"
2391,"1,2,3,4,5,9,10"
2392,"3,8,9,10"
2393,"4,5,6,7,8,9,10"
2394,"3,6,7,8"
2395,"2,4,5,7,8,9,10"
2396,"1,2,3,4,10"
2397,6
2398,"1,3,4,6,7,8,9,10"
2399,"5,9"
2400,"4,5,10"
2401,"1,2,3,6"
2402,"1,6,7,8"
2403,"1,2,3,4,5,6,7,8,9,10"
2404,"1,5,6"
2405,"1,2,3,4,5,6,7,8,9,10"
2406,"1,6"
2407,"1,2,3,4,5,6,7,8,9,10"
2408,"1,2,3,4,5,7,8,9,10"
2409,"5,10"
2410,"2,10"
2411,"5,8,9,10"
2412,"1,2,3,5,6,7,8,9,10"
2413,"3,4,6"
2414,"1,2,3,10"
2415,"3,8"
2416,"5,9"
2417,"4,8"
2418,"3,6,7"
2419,"4,5,6,7,8"
2420,"2,6"
2421,"4,5,6,7,8,9,10"
2422,"3,7"
2423,"1,6"
2424,"1,6,7,8"
2425,"4,6,7,8,9,10"
2426,"1,2,3,4,5,6,7,8,9,10"
2427,"3,10"
2428,"1,2,3,4,5,9,10"
2429,"3,7"
2430,"4,5,6,7,8,9,10"
2431,"1,2,3,6,7,8"
2432,"6,7,8,9,10"
2433,"4,6,7,8"
2434,"2,6,7,8,9,10"
2435,"6,7"
2436,"8,9,10"
2437,"6,7,8,9,10"
2438,"4,9"
2439,"4,5,9,10"
2440,"1,2,6,9"
2441,"1,6"
2442,"1,2,3,6,7,8,9,10"
2443,"1,2,3,10"
2444,"4,5,6,7,8,9,10"
2445,"4,5,6,7,8,9,10"
2446,"1,2,6,7"
2447,"3,6,7,8,9,10"
2448,"1,2,3,4,5,6,7,8,9,10"
2449,"2,3,6,7,8"
2450,"1,3,9"
2451,"2,3,7"
2452,"2,3,4,5"
2453,"6,7,8"
2454,"1,2,6,7"
2455,"1,2,3,6,7,8"
2456,"5,9"
2457,"2,6,7"
2458,"1,2,3,6,7"
2459,"1,8"
2460,"1,2,3,4,5,6,7,8,9,10"
2461,"1,3,7,8"
2462,"1,7,8,9,10"
2463,"3,8"
2464,"4,5,6,7,8,9,10"
2465,"4,9,10"
2466,"1,7"
2467,"4,8"
2468,"1,2,3,6,7,8,9,10"
2469,"8,9"
2470,"1,3,4,6,7,8,9,10"
2471,"2,6,7,8,9,10"
2472,"8,9,10"
2473,"5,10"
2474,"1,2,6,7,8,10"
2475,"1,2,3"
2476,"4,5,6,7,8,9,10"
2477,"4,5,6,7,8"
2478,"1,7"
2479,"1,6"
2480,"5,10"
2481,"4,5,9"
2482,"3,4,5,8,9,10"
2483,"4,5,6,7,8"
2484,"1,2,3,4,6,7,8,9,10"
2485,"6,7"
2486,"1,9,10"
2487,"1,2,3,8,9,10"
2488,"6,7,8,9,10"
2489,"1,2,3,4,5,6,7,8,9,10"
2490,"5,10"
2491,"5,9,10"
2492,"2,4,6,7,8,9"
2493,"1,2,3,4,5,6"
2494,"2,7"
2495,"4,5,7,8,9"
2496,"3,4,7,8"
2497,"1,2,3,4,5,6,7,8,9,10"
2498,"4,6,7,8,9,10"
2499,"4,9"
2500,"1,2,3,4,5,6,7,8,9,10"
2501,"1,2,3,10"
2502,"1,2,3,9,10"
2503,"1,2,3,7"
2504,"4,5,7"
2505,8
2506,"1,6"
2507,"1,4,5,7"
2508,"1,2,3,4,5,6,7,8,9,10"
2509,"1,6"
2510,"1,2,3"
2511,"1,2,3,6,7,8"
2512,"1,6,7,8"
2513,"4,5,9"
2514,"9,10"
2515,"3,6,7,8,9,10"
2516,"4,5,6,7,8"
2517,"6,7,8,9,10"
2518,"6,7"
2519,"1,2,3,4,5,6,7,8,9,10"
2520,"4,5,6,7,8,9,10"
2521,"4,5,6,7,8"
2522,"4,5,6,7,8,9,10"
2523,"6,7,8"
2524,"4,9"
2525,"1,6,10"
2526,"2,6,7,8,10"
2527,"1,2,3,6,7,8,10"
2528,"2,7"
2529,"6,7"
2530,"1,2,3,6,7,8,9"
2531,"4,6,7,8,9,10"
2532,"1,2,3,9,10"
2533,"1,7"
2534,"5,9,10"
2535,"2,6,8,9,10"
2536,"1,6"
2537,"5,9,10"
2538,"4,5,6,7"
2539,"3,6"
2540,"2,3,4,5,6,7,8,9,10"
2541,"1,2,3,4,5,6,7,8,9,10"
2542,"1,2,3,4,5,6,7,8,9,10"
2543,"5,6"
2544,"2,6,8,9"
2545,"1,3,4,9"
2546,"1,2,3,4,5,8"
2547,"1,2,3,6"
2548,"2,3,7,8"
2549,"5,10"
2550,8
2551,"1,2,3,4,5,6,7,8,9,10"
2552,"1,4,7,9,10"
2553,"1,2,3,4,5,6,7,8,9,10"
2554,"4,5,7,8,9,10"
2555,"1,2,3,4,5,6,7,8,9,10"
2556,"9,10"
2557,"6,7,8,9,10"
2558,"1,2,3,4,5,9"
2559,"6,7,8,9"
2560,"4,5,6,7,8"
2561,"5,10"
2562,"4,5,6,7,8,9,10"
2563,"4,5,7,8"
2564,"1,6"
2565,"9,10"
2566,"4,6,7,8"
2567,"1,2,3,4,5,6,7,8,9,10"
2568,"1,2,3,4,5,6,7,8,9,10"
2569,"1,6,7,8,9,10"
2570,"2,7"
2571,"1,2,3,4,6,7,8,9,10"
2572,"1,2,5,10"
2573,"1,3,6,7"
2574,"2,7"
2575,"5,7"
2576,"4,5,6,7,8"
2577,"1,2,3,4,5,6,7,8,9,10"
2578,"5,8"
2579,"5,6,7,8,10"
2580,"1,2,3,4,5,6,7,8,9,10"
2581,"4,5,6,7,8,9,10"
2582,"4,5,6,7,8,9,10"
2583,"1,2,3,4,5,6,7,8,9,10"
2584,"4,9"
2585,"1,2,3"
2586,"5,9,10"
2587,"1,2,3,4,5,6,7,8,9,10"
2588,"5,8"
2589,"6,10"
2590,"1,2,3,9,10"
2591,7
2592,"4,5,9,10"
2593,"1,3,4,5,6,8"
2594,"4,5,6,7,8,9,10"
2595,"4,5,6,7,8,9,10"
2596,"5,10"
2597,"3,4,5,6,7"
2598,"1,6"
2599,"1,2,3,6,7,8"
2600,"1,2,3,6"
2601,"4,5,9,10"
2602,"4,5,6,7,9,10"
2603,"4,8"
2604,"3,6,7,8,9,10"
2605,"4,5,9,10"
2606,"1,2,3,4,5,6,7,8,9,10"
2607,1
2608,"5,6,7,8,9,10"
2609,"3,6,7,8,9,10"
2610,"1,2,3,4,5,6,7,8,9,10"
2611,"5,10"
2612,"4,5,6,7,8"
2613,"1,2,3,4,5,6,7,8,9,10"
2614,"6,7"
2615,"4,9"
2616,"5,6,7,8,9"
2617,"1,2,3,4,5,6,7,8,9,10"
2618,"1,7,8"
2619,"1,2,3,6,7,8"
2620,"4,5,6,7,8,9,10"
2621,"5,9,10"
2622,"1,2,3,4,5,7,8"
2623,"1,6,7,8"
2624,"1,2,3,4,10"
2625,"3,4,5,8,9,10"
2626,"1,2,3,9"
2627,"5,9"
2628,"4,5,6,7,8,9,10"
2629,"4,5,6,7,8"
2630,"4,5,6,7,8,9,10"
2631,"5,6,7,8,9,10"
2632,"4,5,6,7,9,10"
2633,"1,6"
2634,"1,2,3,4,5,6"
2635,"1,2,3,4,5,6,7"
2636,"1,5,8,10"
2637,"1,2,3,4,5,6,7,8,9,10"
2638,"5,9"
2639,"6,7,8,9,10"
2640,"4,6,7,8"
2641,"5,9"
2642,"2,7"
2643,"1,2,3,4,5,9,10"
2644,"4,9"
2645,"1,2,3,4,5,6,7,8,9,10"
2646,"4,5,6,7,8,9,10"
2647,"1,6,7"
2648,"4,5,6,7,8,9,10"
2649,1
2650,"3,8"
2651,"4,6,7,8"
2652,"1,3,6,7,8,9,10"
2653,"5,10"
2654,"1,6"
2655,"1,2,3,4,5,6,7,8,9,10"
2656,"4,5,9,10"
2657,"1,2,3,4,5,6,7,8,9,10"
2658,"2,7"
2659,"1,2,3,4,7,8"
2660,"1,6"
2661,"1,7"
2662,"4,9"
2663,"1,2,3,6,7,8"
2664,"1,6"
2665,"1,2,3,6,7,8,9,10"
2666,"4,6,7,8,9,10"
2667,"4,7"
2668,"4,6,7,8,9,10"
2669,"1,3,6,8,9,10"
2670,"3,4,8,9"
2671,"1,2,3,4,5,6,7,8,9"
2672,"1,2,3,4,5,6,7,8,9,10"
2673,"1,2,3,4,5,6,7,8,9,10"
2674,"5,6,7,8,10"
2675,"3,4,5"
2676,"4,10"
2677,"4,5,6,7,8,9,10"
2678,"4,5,6,7,8,9,10"
2679,"5,6,7"
